LOCATION_NAME,SAMPLE COLLECTION TIME,DOSE EQUIVALENT RATE (nSv/h),GAMMA COUNT RATE R02 (CPM),GAMMA COUNT RATE R03 (CPM),GAMMA COUNT RATE R04 (CPM),GAMMA COUNT RATE R05 (CPM),GAMMA COUNT RATE R06 (CPM),GAMMA COUNT RATE R07 (CPM),GAMMA COUNT RATE R08 (CPM),GAMMA COUNT RATE R09 (CPM),STATUS
TX: LAREDO,03/10/2023 21:49:00,52.00,1663.00,908.00,254.00,128.00,79.00,90.00,73.00,20.00,APPROVED
TX: LAREDO,03/10/2023 22:49:00,54.00,1674.00,921.00,260.00,131.00,81.00,92.00,72.00,20.00,APPROVED
TX: LAREDO,03/10/2023 23:50:00,55.00,1683.00,928.00,255.00,132.00,81.00,91.00,75.00,19.00,APPROVED
TX: LAREDO,03/11/2023 00:50:00,55.00,1677.00,929.00,259.00,133.00,81.00,91.00,73.00,20.00,APPROVED
TX: LAREDO,03/11/2023 01:50:00,58.00,1688.00,926.00,262.00,134.00,81.00,92.00,73.00,19.00,APPROVED
TX: LAREDO,03/11/2023 02:50:00,55.00,1706.00,958.00,267.00,138.00,81.00,94.00,76.00,21.00,APPROVED
TX: LAREDO,03/11/2023 03:50:00,55.00,1699.00,939.00,270.00,137.00,81.00,95.00,75.00,21.00,APPROVED
TX: LAREDO,03/11/2023 04:51:00,57.00,1697.00,930.00,263.00,134.00,81.00,94.00,74.00,20.00,APPROVED
TX: LAREDO,03/11/2023 05:51:00,54.00,1690.00,929.00,263.00,132.00,82.00,93.00,73.00,21.00,APPROVED
TX: LAREDO,03/11/2023 06:51:00,57.00,1695.00,932.00,268.00,132.00,81.00,95.00,74.00,20.00,APPROVED
TX: LAREDO,03/11/2023 07:51:00,60.00,1717.00,957.00,273.00,137.00,81.00,94.00,74.00,20.00,APPROVED
TX: LAREDO,03/11/2023 08:51:00,58.00,1722.00,971.00,275.00,136.00,83.00,99.00,76.00,21.00,APPROVED
TX: LAREDO,03/11/2023 09:52:00,60.00,1719.00,967.00,278.00,144.00,84.00,99.00,76.00,24.00,APPROVED
TX: LAREDO,03/11/2023 10:52:00,60.00,1733.00,968.00,278.00,142.00,84.00,100.00,74.00,21.00,APPROVED
TX: LAREDO,03/11/2023 11:52:00,58.00,1743.00,976.00,279.00,141.00,85.00,102.00,77.00,22.00,APPROVED
TX: LAREDO,03/11/2023 12:52:00,59.00,1750.00,1004.00,289.00,146.00,85.00,103.00,76.00,23.00,APPROVED
TX: LAREDO,03/11/2023 13:52:00,59.00,1755.00,1007.00,287.00,148.00,91.00,103.00,77.00,23.00,APPROVED
TX: LAREDO,03/11/2023 14:53:00,58.00,1738.00,998.00,281.00,146.00,88.00,101.00,76.00,22.00,APPROVED
TX: LAREDO,03/11/2023 15:53:00,58.00,1745.00,991.00,286.00,142.00,87.00,102.00,76.00,22.00,APPROVED
TX: LAREDO,03/11/2023 16:53:00,58.00,1756.00,997.00,285.00,148.00,87.00,101.00,79.00,21.00,APPROVED
TX: LAREDO,03/11/2023 17:53:00,58.00,1752.00,1003.00,283.00,145.00,86.00,101.00,80.00,23.00,APPROVED
TX: LAREDO,03/11/2023 18:54:00,56.00,1744.00,997.00,279.00,148.00,87.00,102.00,83.00,23.00,APPROVED
TX: LAREDO,03/11/2023 19:54:00,56.00,1751.00,992.00,278.00,146.00,86.00,99.00,79.00,22.00,APPROVED
TX: LAREDO,03/11/2023 20:54:00,56.00,1752.00,1009.00,279.00,150.00,86.00,101.00,81.00,23.00,APPROVED
TX: LAREDO,03/11/2023 21:54:00,55.00,1765.00,1027.00,281.00,150.00,90.00,101.00,82.00,23.00,APPROVED
TX: LAREDO,03/11/2023 22:54:00,56.00,1771.00,1023.00,284.00,158.00,88.00,103.00,81.00,24.00,APPROVED
TX: LAREDO,03/11/2023 23:55:00,54.00,1782.00,1024.00,284.00,156.00,88.00,103.00,82.00,24.00,APPROVED
TX: LAREDO,03/12/2023 00:55:00,55.00,1768.00,1028.00,287.00,158.00,89.00,103.00,82.00,24.00,APPROVED
TX: LAREDO,03/12/2023 01:55:00,55.00,1779.00,1037.00,287.00,152.00,88.00,103.00,83.00,24.00,APPROVED
TX: LAREDO,03/12/2023 03:55:00,57.00,1803.00,1063.00,296.00,165.00,90.00,109.00,86.00,23.00,APPROVED
TX: LAREDO,03/12/2023 03:55:00,55.00,1828.00,1101.00,305.00,172.00,94.00,114.00,85.00,25.00,APPROVED
TX: LAREDO,03/12/2023 04:56:00,55.00,1784.00,1036.00,294.00,159.00,91.00,108.00,84.00,24.00,APPROVED
TX: LAREDO,03/12/2023 05:56:00,52.00,1751.00,1002.00,284.00,151.00,86.00,104.00,78.00,22.00,APPROVED
TX: LAREDO,03/12/2023 06:56:00,54.00,1764.00,995.00,281.00,145.00,87.00,100.00,83.00,23.00,APPROVED
TX: LAREDO,03/12/2023 07:56:00,57.00,1756.00,1013.00,286.00,146.00,86.00,102.00,79.00,23.00,APPROVED
TX: LAREDO,03/12/2023 08:56:00,56.00,1770.00,1021.00,287.00,146.00,88.00,102.00,80.00,24.00,APPROVED
TX: LAREDO,03/12/2023 09:57:00,58.00,1799.00,1036.00,298.00,153.00,88.00,105.00,81.00,23.00,APPROVED
TX: LAREDO,03/12/2023 10:57:00,60.00,1822.00,1065.00,306.00,158.00,93.00,110.00,82.00,23.00,APPROVED
TX: LAREDO,03/12/2023 11:57:00,59.00,1836.00,1073.00,311.00,160.00,94.00,113.00,82.00,25.00,APPROVED
TX: LAREDO,03/12/2023 12:57:00,60.00,1849.00,1094.00,319.00,168.00,95.00,118.00,85.00,26.00,APPROVED
TX: LAREDO,03/12/2023 13:57:00,59.00,1941.00,1199.00,343.00,186.00,103.00,131.00,94.00,26.00,APPROVED
TX: LAREDO,03/12/2023 14:58:00,64.00,2023.00,1320.00,378.00,214.00,116.00,150.00,103.00,30.00,APPROVED
TX: LAREDO,03/12/2023 15:58:00,59.00,1900.00,1184.00,339.00,191.00,105.00,132.00,93.00,28.00,APPROVED
TX: LAREDO,03/12/2023 16:58:00,59.00,1802.00,1079.00,305.00,169.00,94.00,116.00,86.00,27.00,APPROVED
TX: LAREDO,03/12/2023 17:58:00,58.00,1790.00,1055.00,293.00,158.00,92.00,104.00,84.00,24.00,APPROVED
TX: LAREDO,03/12/2023 18:59:00,55.00,1762.00,1028.00,287.00,153.00,88.00,101.00,82.00,23.00,APPROVED
TX: LAREDO,03/12/2023 19:59:00,57.00,1755.00,1013.00,283.00,152.00,85.00,99.00,82.00,23.00,APPROVED
TX: LAREDO,03/12/2023 20:59:00,56.00,1737.00,1018.00,282.00,147.00,85.00,97.00,81.00,23.00,APPROVED
TX: LAREDO,03/12/2023 21:59:00,55.00,1753.00,1012.00,283.00,148.00,87.00,99.00,81.00,24.00,APPROVED
TX: LAREDO,03/12/2023 22:59:00,54.00,1747.00,1005.00,280.00,146.00,86.00,95.00,81.00,23.00,APPROVED
TX: LAREDO,03/13/2023 00:00:00,56.00,1755.00,997.00,283.00,145.00,86.00,94.00,83.00,23.00,APPROVED
TX: LAREDO,03/13/2023 01:00:00,52.00,1742.00,998.00,278.00,146.00,85.00,94.00,80.00,23.00,APPROVED
TX: LAREDO,03/13/2023 02:00:00,54.00,1770.00,1015.00,281.00,145.00,87.00,98.00,80.00,24.00,APPROVED
TX: LAREDO,03/13/2023 03:00:00,53.00,1841.00,1070.00,298.00,159.00,90.00,105.00,83.00,25.00,APPROVED
TX: LAREDO,03/13/2023 04:00:00,59.00,1859.00,1098.00,304.00,163.00,94.00,110.00,85.00,24.00,APPROVED
TX: LAREDO,03/13/2023 05:01:00,58.00,1854.00,1087.00,306.00,161.00,94.00,113.00,83.00,23.00,APPROVED
TX: LAREDO,03/13/2023 06:01:00,59.00,1832.00,1073.00,305.00,160.00,91.00,110.00,82.00,24.00,APPROVED
TX: LAREDO,03/13/2023 07:01:00,57.00,1841.00,1065.00,304.00,158.00,92.00,109.00,83.00,24.00,APPROVED
TX: LAREDO,03/13/2023 08:01:00,59.00,1832.00,1059.00,303.00,152.00,92.00,110.00,79.00,23.00,APPROVED
TX: LAREDO,03/13/2023 09:01:00,59.00,1798.00,1043.00,297.00,149.00,89.00,109.00,77.00,23.00,APPROVED
TX: LAREDO,03/13/2023 10:02:00,56.00,1805.00,1023.00,295.00,148.00,89.00,106.00,77.00,24.00,APPROVED
TX: LAREDO,03/13/2023 11:02:00,61.00,1797.00,1038.00,300.00,149.00,90.00,108.00,75.00,21.00,APPROVED
TX: LAREDO,03/13/2023 12:02:00,61.00,1811.00,1036.00,303.00,150.00,92.00,110.00,76.00,22.00,APPROVED
TX: LAREDO,03/13/2023 13:02:00,59.00,1819.00,1054.00,305.00,152.00,89.00,111.00,77.00,22.00,APPROVED
TX: LAREDO,03/13/2023 14:02:00,61.00,1841.00,1069.00,312.00,153.00,92.00,117.00,78.00,24.00,APPROVED
TX: LAREDO,03/13/2023 15:03:00,62.00,1846.00,1077.00,311.00,153.00,90.00,114.00,77.00,23.00,APPROVED
TX: LAREDO,03/13/2023 16:03:00,80.00,1865.00,1100.00,325.00,163.00,95.00,121.00,78.00,23.00,APPROVED
TX: LAREDO,03/13/2023 17:03:00,71.00,1840.00,1073.00,314.00,155.00,93.00,116.00,79.00,23.00,APPROVED
TX: LAREDO,03/13/2023 18:03:00,62.00,1807.00,1040.00,306.00,150.00,93.00,110.00,78.00,24.00,APPROVED
TX: LAREDO,03/13/2023 19:04:00,61.00,1788.00,1034.00,294.00,153.00,90.00,107.00,79.00,23.00,APPROVED
TX: LAREDO,03/13/2023 20:04:00,59.00,1787.00,1025.00,297.00,150.00,89.00,103.00,79.00,22.00,APPROVED
TX: LAREDO,03/13/2023 21:04:00,58.00,1778.00,1015.00,286.00,149.00,87.00,106.00,80.00,24.00,APPROVED
TX: LAREDO,03/13/2023 22:04:00,56.00,1775.00,1015.00,288.00,151.00,88.00,101.00,77.00,23.00,APPROVED
TX: LAREDO,03/13/2023 23:04:00,57.00,1789.00,1023.00,289.00,150.00,87.00,104.00,79.00,23.00,APPROVED
TX: LAREDO,03/14/2023 00:05:00,57.00,1787.00,1022.00,287.00,150.00,87.00,103.00,77.00,22.00,APPROVED
TX: LAREDO,03/14/2023 01:05:00,60.00,1765.00,1001.00,285.00,143.00,88.00,101.00,78.00,23.00,APPROVED
TX: LAREDO,03/14/2023 02:05:00,61.00,1750.00,987.00,283.00,141.00,87.00,101.00,75.00,22.00,APPROVED
TX: LAREDO,03/14/2023 03:05:00,60.00,1732.00,970.00,280.00,139.00,83.00,101.00,73.00,22.00,APPROVED
TX: LAREDO,03/14/2023 04:05:00,60.00,1723.00,959.00,278.00,134.00,84.00,97.00,71.00,20.00,APPROVED
TX: LAREDO,03/14/2023 05:06:00,59.00,1718.00,951.00,273.00,133.00,83.00,98.00,70.00,21.00,APPROVED
TX: LAREDO,03/14/2023 06:06:00,61.00,1717.00,954.00,275.00,134.00,81.00,99.00,72.00,21.00,APPROVED
TX: LAREDO,03/14/2023 07:06:00,60.00,1724.00,963.00,279.00,136.00,85.00,100.00,72.00,21.00,APPROVED
TX: LAREDO,03/14/2023 08:06:00,60.00,1743.00,973.00,279.00,139.00,86.00,102.00,72.00,21.00,APPROVED
TX: LAREDO,03/14/2023 09:06:00,62.00,1763.00,1003.00,293.00,144.00,86.00,105.00,74.00,22.00,APPROVED
TX: LAREDO,03/14/2023 10:07:00,62.00,1793.00,1022.00,291.00,148.00,91.00,111.00,76.00,22.00,APPROVED
TX: LAREDO,03/14/2023 11:07:00,61.00,1775.00,1016.00,294.00,143.00,89.00,107.00,74.00,23.00,APPROVED
TX: LAREDO,03/14/2023 12:07:00,58.00,1779.00,1010.00,291.00,146.00,88.00,108.00,73.00,24.00,APPROVED
TX: LAREDO,03/14/2023 13:07:00,59.00,1785.00,1014.00,293.00,145.00,87.00,109.00,75.00,22.00,APPROVED
TX: LAREDO,03/14/2023 14:07:00,63.00,1813.00,1038.00,303.00,146.00,89.00,111.00,74.00,23.00,APPROVED
TX: LAREDO,03/14/2023 15:08:00,61.00,1820.00,1040.00,305.00,151.00,89.00,115.00,76.00,22.00,APPROVED
TX: LAREDO,03/14/2023 16:08:00,63.00,1802.00,1027.00,300.00,150.00,91.00,109.00,77.00,22.00,APPROVED
TX: LAREDO,03/14/2023 17:08:00,57.00,1744.00,991.00,283.00,143.00,85.00,102.00,75.00,22.00,APPROVED
TX: LAREDO,03/14/2023 18:08:00,63.00,1771.00,997.00,290.00,143.00,86.00,106.00,75.00,22.00,APPROVED
TX: LAREDO,03/14/2023 19:09:00,68.00,1870.00,1109.00,320.00,164.00,95.00,118.00,81.00,23.00,APPROVED
TX: LAREDO,03/14/2023 20:09:00,69.00,1964.00,1174.00,345.00,179.00,103.00,131.00,85.00,25.00,APPROVED
TX: LAREDO,03/14/2023 21:09:00,67.00,1850.00,1066.00,314.00,157.00,94.00,115.00,78.00,24.00,APPROVED
TX: LAREDO,03/14/2023 22:09:00,60.00,1761.00,990.00,284.00,142.00,86.00,103.00,73.00,23.00,APPROVED
TX: LAREDO,03/14/2023 23:09:00,62.00,1733.00,968.00,277.00,138.00,84.00,100.00,72.00,22.00,APPROVED
TX: LAREDO,03/15/2023 00:10:00,60.00,1747.00,982.00,285.00,141.00,85.00,101.00,70.00,22.00,APPROVED
TX: LAREDO,03/15/2023 01:10:00,62.00,1768.00,993.00,291.00,143.00,87.00,102.00,72.00,21.00,APPROVED
TX: LAREDO,03/15/2023 02:10:00,63.00,1738.00,974.00,285.00,137.00,84.00,101.00,72.00,22.00,APPROVED
TX: LAREDO,03/15/2023 03:10:00,60.00,1714.00,952.00,277.00,136.00,82.00,100.00,70.00,20.00,APPROVED
TX: LAREDO,03/15/2023 04:10:00,59.00,1700.00,940.00,272.00,131.00,83.00,98.00,70.00,21.00,APPROVED
TX: LAREDO,03/15/2023 05:11:00,59.00,1695.00,938.00,274.00,133.00,81.00,97.00,70.00,20.00,APPROVED
TX: LAREDO,03/15/2023 06:11:00,61.00,1703.00,941.00,271.00,132.00,81.00,95.00,71.00,21.00,APPROVED
TX: LAREDO,03/15/2023 07:11:00,61.00,1697.00,937.00,269.00,132.00,79.00,94.00,70.00,21.00,APPROVED
TX: LAREDO,03/15/2023 08:11:00,57.00,1697.00,934.00,270.00,130.00,81.00,97.00,67.00,21.00,APPROVED
TX: LAREDO,03/15/2023 09:11:00,60.00,1707.00,943.00,269.00,133.00,82.00,98.00,68.00,20.00,APPROVED
TX: LAREDO,03/15/2023 10:12:00,63.00,1726.00,944.00,273.00,132.00,80.00,98.00,69.00,21.00,APPROVED
TX: LAREDO,03/15/2023 11:12:00,61.00,1726.00,952.00,276.00,134.00,81.00,101.00,71.00,21.00,APPROVED
TX: LAREDO,03/15/2023 12:12:00,60.00,1727.00,958.00,278.00,133.00,83.00,100.00,69.00,20.00,APPROVED
TX: LAREDO,03/15/2023 13:12:00,60.00,1727.00,964.00,279.00,135.00,83.00,103.00,70.00,21.00,APPROVED
TX: LAREDO,03/15/2023 14:12:00,60.00,1721.00,962.00,281.00,132.00,81.00,102.00,69.00,21.00,APPROVED
TX: LAREDO,03/15/2023 15:13:00,63.00,1766.00,990.00,291.00,141.00,85.00,107.00,72.00,22.00,APPROVED
TX: LAREDO,03/15/2023 16:13:00,65.00,1792.00,1019.00,296.00,148.00,90.00,112.00,76.00,22.00,APPROVED
TX: LAREDO,03/15/2023 17:13:00,68.00,1792.00,1024.00,304.00,151.00,90.00,112.00,75.00,23.00,APPROVED
TX: LAREDO,03/15/2023 18:13:00,62.00,1772.00,1005.00,289.00,147.00,87.00,110.00,74.00,22.00,APPROVED
TX: LAREDO,03/15/2023 19:14:00,62.00,1777.00,1000.00,288.00,144.00,90.00,106.00,76.00,22.00,APPROVED
TX: LAREDO,03/15/2023 20:14:00,63.00,1775.00,1005.00,291.00,145.00,88.00,104.00,77.00,22.00,APPROVED
TX: LAREDO,03/15/2023 21:14:00,62.00,1785.00,1015.00,292.00,148.00,90.00,107.00,77.00,22.00,APPROVED
TX: LAREDO,03/15/2023 22:14:00,61.00,1763.00,1005.00,286.00,147.00,87.00,104.00,76.00,23.00,APPROVED
TX: LAREDO,03/15/2023 23:14:00,65.00,1775.00,1014.00,289.00,148.00,88.00,104.00,77.00,22.00,APPROVED
TX: LAREDO,03/16/2023 00:15:00,65.00,1801.00,1024.00,296.00,151.00,87.00,106.00,80.00,24.00,APPROVED
TX: LAREDO,03/16/2023 01:15:00,64.00,1777.00,990.00,290.00,146.00,85.00,104.00,75.00,22.00,APPROVED
TX: LAREDO,03/16/2023 02:15:00,61.00,1723.00,972.00,277.00,138.00,85.00,99.00,71.00,22.00,APPROVED
TX: LAREDO,03/16/2023 03:15:00,59.00,1705.00,957.00,273.00,133.00,82.00,99.00,72.00,22.00,APPROVED
TX: LAREDO,03/16/2023 04:15:00,61.00,1722.00,966.00,272.00,135.00,82.00,99.00,73.00,22.00,APPROVED
TX: LAREDO,03/16/2023 05:16:00,61.00,1730.00,978.00,283.00,138.00,85.00,101.00,75.00,21.00,APPROVED
TX: LAREDO,03/16/2023 06:16:00,64.00,1734.00,970.00,279.00,140.00,80.00,101.00,75.00,21.00,APPROVED
TX: LAREDO,03/16/2023 07:16:00,63.00,1708.00,958.00,272.00,138.00,84.00,99.00,74.00,21.00,APPROVED
TX: LAREDO,03/16/2023 08:16:00,63.00,1715.00,958.00,283.00,136.00,82.00,94.00,74.00,21.00,APPROVED
TX: LAREDO,03/16/2023 09:16:00,66.00,1716.00,955.00,274.00,138.00,83.00,95.00,74.00,21.00,APPROVED
TX: LAREDO,03/16/2023 10:17:00,59.00,1726.00,961.00,280.00,136.00,81.00,96.00,71.00,22.00,APPROVED
TX: LAREDO,03/16/2023 11:17:00,61.00,1706.00,950.00,274.00,139.00,82.00,97.00,71.00,21.00,APPROVED
TX: LAREDO,03/16/2023 12:17:00,60.00,1702.00,946.00,277.00,135.00,82.00,98.00,73.00,21.00,APPROVED
TX: LAREDO,03/16/2023 13:17:00,64.00,1713.00,961.00,276.00,140.00,81.00,98.00,73.00,20.00,APPROVED
TX: LAREDO,03/16/2023 14:17:00,60.00,1704.00,959.00,272.00,136.00,83.00,96.00,75.00,20.00,APPROVED
TX: LAREDO,03/16/2023 15:18:00,63.00,1707.00,959.00,275.00,138.00,81.00,98.00,73.00,22.00,APPROVED
TX: LAREDO,03/16/2023 16:18:00,60.00,1708.00,953.00,277.00,137.00,81.00,98.00,74.00,22.00,APPROVED
TX: LAREDO,03/16/2023 17:18:00,62.00,1732.00,977.00,284.00,143.00,86.00,99.00,77.00,21.00,APPROVED
TX: LAREDO,03/16/2023 18:18:00,62.00,1746.00,1000.00,285.00,149.00,90.00,100.00,77.00,22.00,APPROVED
TX: LAREDO,03/16/2023 19:19:00,62.00,1760.00,1019.00,288.00,150.00,88.00,104.00,80.00,23.00,APPROVED
TX: LAREDO,03/16/2023 20:19:00,60.00,1781.00,1031.00,291.00,155.00,88.00,102.00,81.00,23.00,APPROVED
TX: LAREDO,03/16/2023 22:19:00,58.00,1775.00,1025.00,284.00,153.00,89.00,102.00,82.00,24.00,APPROVED
TX: LAREDO,03/16/2023 23:19:00,61.00,1768.00,1013.00,279.00,152.00,88.00,103.00,81.00,22.00,APPROVED
TX: LAREDO,03/17/2023 00:20:00,56.00,1762.00,1012.00,283.00,148.00,87.00,99.00,80.00,23.00,APPROVED
TX: LAREDO,03/17/2023 01:20:00,57.00,1774.00,1019.00,282.00,149.00,87.00,100.00,79.00,23.00,APPROVED
TX: LAREDO,03/17/2023 02:20:00,57.00,1786.00,1039.00,290.00,154.00,90.00,103.00,82.00,24.00,APPROVED
TX: LAREDO,03/17/2023 03:20:00,58.00,1813.00,1084.00,300.00,162.00,90.00,111.00,86.00,24.00,APPROVED
TX: LAREDO,03/17/2023 04:20:00,59.00,1764.00,1017.00,287.00,152.00,88.00,104.00,80.00,23.00,APPROVED
TX: LAREDO,03/17/2023 05:21:00,56.00,1749.00,1001.00,280.00,146.00,85.00,101.00,79.00,23.00,APPROVED
TX: LAREDO,03/17/2023 06:21:00,57.00,1738.00,985.00,278.00,141.00,84.00,98.00,78.00,21.00,APPROVED
TX: LAREDO,03/17/2023 11:22:00,65.00,1864.00,1080.00,317.00,155.00,94.00,119.00,80.00,24.00,APPROVED
TX: LAREDO,03/17/2023 15:23:00,64.00,1773.00,999.00,294.00,142.00,88.00,107.00,76.00,21.00,APPROVED
TX: LAREDO,03/17/2023 16:23:00,63.00,1746.00,985.00,290.00,141.00,85.00,106.00,72.00,21.00,APPROVED
TX: LAREDO,03/17/2023 17:23:00,63.00,1747.00,978.00,289.00,135.00,86.00,105.00,70.00,21.00,APPROVED
TX: LAREDO,03/17/2023 18:23:00,61.00,1743.00,972.00,283.00,139.00,83.00,102.00,71.00,21.00,APPROVED
TX: LAREDO,03/17/2023 19:24:00,62.00,1736.00,974.00,285.00,139.00,82.00,101.00,74.00,21.00,APPROVED
TX: LAREDO,03/17/2023 20:24:00,62.00,1715.00,969.00,281.00,140.00,86.00,102.00,73.00,21.00,APPROVED
TX: LAREDO,03/17/2023 21:24:00,61.00,1719.00,953.00,278.00,132.00,82.00,102.00,72.00,21.00,APPROVED
TX: LAREDO,03/17/2023 22:24:00,62.00,1708.00,947.00,273.00,135.00,83.00,99.00,72.00,20.00,APPROVED
TX: LAREDO,03/17/2023 23:24:00,62.00,1708.00,952.00,275.00,134.00,80.00,98.00,71.00,21.00,APPROVED
TX: LAREDO,03/18/2023 00:25:00,65.00,1715.00,957.00,279.00,135.00,84.00,98.00,70.00,20.00,APPROVED
TX: LAREDO,03/18/2023 01:25:00,67.00,1715.00,961.00,280.00,134.00,84.00,102.00,72.00,21.00,APPROVED
TX: LAREDO,03/18/2023 02:25:00,63.00,1721.00,957.00,279.00,136.00,85.00,100.00,70.00,21.00,APPROVED
TX: LAREDO,03/18/2023 03:25:00,64.00,1710.00,961.00,279.00,135.00,83.00,99.00,70.00,21.00,APPROVED
TX: LAREDO,03/18/2023 04:25:00,63.00,1730.00,967.00,282.00,136.00,83.00,104.00,71.00,21.00,APPROVED
TX: LAREDO,03/18/2023 05:26:00,64.00,1744.00,961.00,281.00,140.00,85.00,103.00,71.00,21.00,APPROVED
TX: LAREDO,03/18/2023 06:26:00,64.00,1747.00,978.00,287.00,136.00,84.00,106.00,73.00,22.00,APPROVED
TX: LAREDO,03/18/2023 07:26:00,65.00,1757.00,994.00,288.00,141.00,85.00,106.00,73.00,21.00,APPROVED
TX: LAREDO,03/18/2023 08:26:00,67.00,1758.00,998.00,290.00,138.00,87.00,109.00,71.00,21.00,APPROVED
TX: LAREDO,03/18/2023 09:26:00,64.00,1732.00,972.00,286.00,138.00,84.00,104.00,69.00,21.00,APPROVED
TX: LAREDO,03/18/2023 10:27:00,64.00,1721.00,954.00,283.00,136.00,82.00,101.00,69.00,20.00,APPROVED
TX: LAREDO,03/18/2023 11:27:00,63.00,1711.00,943.00,275.00,132.00,82.00,97.00,70.00,20.00,APPROVED
TX: LAREDO,03/18/2023 12:27:00,64.00,1709.00,938.00,277.00,131.00,82.00,98.00,70.00,22.00,APPROVED
TX: LAREDO,03/18/2023 13:27:00,65.00,1717.00,945.00,275.00,129.00,84.00,98.00,69.00,21.00,APPROVED
TX: LAREDO,03/18/2023 14:28:00,63.00,1713.00,945.00,274.00,133.00,82.00,101.00,70.00,20.00,APPROVED
TX: LAREDO,03/18/2023 15:28:00,64.00,1699.00,932.00,278.00,129.00,82.00,99.00,68.00,21.00,APPROVED
TX: LAREDO,03/18/2023 16:28:00,62.00,1728.00,966.00,279.00,132.00,85.00,103.00,67.00,21.00,APPROVED
TX: LAREDO,03/18/2023 17:28:00,66.00,1753.00,982.00,285.00,137.00,86.00,107.00,71.00,21.00,APPROVED
TX: LAREDO,03/18/2023 18:28:00,63.00,1751.00,972.00,282.00,135.00,85.00,104.00,72.00,21.00,APPROVED
TX: LAREDO,03/18/2023 19:29:00,60.00,1727.00,959.00,283.00,135.00,84.00,105.00,70.00,20.00,APPROVED
TX: LAREDO,03/18/2023 20:29:00,65.00,1703.00,943.00,277.00,132.00,82.00,100.00,66.00,20.00,APPROVED
TX: LAREDO,03/18/2023 21:29:00,63.00,1702.00,925.00,275.00,127.00,79.00,98.00,68.00,20.00,APPROVED
TX: LAREDO,03/18/2023 22:29:00,64.00,1699.00,924.00,268.00,129.00,81.00,99.00,67.00,20.00,APPROVED
TX: LAREDO,03/18/2023 23:29:00,64.00,1680.00,914.00,267.00,124.00,81.00,96.00,68.00,20.00,APPROVED
TX: LAREDO,03/19/2023 00:30:00,63.00,1675.00,920.00,264.00,127.00,80.00,97.00,66.00,21.00,APPROVED
TX: LAREDO,03/19/2023 01:30:00,63.00,1674.00,920.00,270.00,128.00,80.00,98.00,67.00,20.00,APPROVED
TX: LAREDO,03/19/2023 02:30:00,64.00,1692.00,926.00,270.00,127.00,82.00,99.00,67.00,21.00,APPROVED
TX: LAREDO,03/19/2023 03:30:00,63.00,1722.00,943.00,276.00,130.00,82.00,103.00,68.00,19.00,APPROVED
TX: LAREDO,03/19/2023 04:30:00,62.00,1715.00,952.00,277.00,135.00,82.00,101.00,70.00,20.00,APPROVED
TX: LAREDO,03/19/2023 05:31:00,69.00,1810.00,1037.00,300.00,146.00,89.00,111.00,75.00,20.00,APPROVED
TX: LAREDO,08/25/2023 16:00:00,60.00,1845.00,1055.00,303.00,156.00,90.00,111.00,60.00,36.00,APPROVED
TX: LAREDO,08/25/2023 17:00:00,59.00,1799.00,994.00,278.00,139.00,86.00,99.00,55.00,28.00,APPROVED
TX: LAREDO,08/25/2023 18:00:00,59.00,1796.00,968.00,268.00,136.00,79.00,93.00,55.00,27.00,APPROVED
TX: LAREDO,08/25/2023 19:01:00,59.00,1797.00,984.00,273.00,138.00,80.00,93.00,53.00,25.00,APPROVED
TX: LAREDO,08/25/2023 20:01:00,61.00,1803.00,983.00,270.00,138.00,79.00,95.00,54.00,25.00,APPROVED
TX: LAREDO,08/25/2023 21:01:00,62.00,1799.00,989.00,271.00,135.00,79.00,97.00,54.00,26.00,APPROVED
TX: LAREDO,08/25/2023 22:01:00,59.00,1815.00,989.00,274.00,140.00,81.00,95.00,54.00,25.00,APPROVED
TX: LAREDO,08/25/2023 23:01:00,60.00,1813.00,990.00,273.00,139.00,80.00,95.00,55.00,27.00,APPROVED
TX: LAREDO,08/26/2023 00:02:00,58.00,1814.00,988.00,268.00,141.00,82.00,96.00,55.00,25.00,APPROVED
TX: LAREDO,08/26/2023 01:02:00,55.00,1814.00,997.00,272.00,138.00,81.00,95.00,55.00,26.00,APPROVED
TX: LAREDO,08/26/2023 02:02:00,56.00,1803.00,985.00,273.00,136.00,78.00,95.00,56.00,27.00,APPROVED
TX: LAREDO,08/26/2023 03:02:00,56.00,1812.00,983.00,271.00,135.00,81.00,97.00,54.00,27.00,APPROVED
TX: LAREDO,08/26/2023 04:02:00,56.00,1810.00,987.00,269.00,137.00,81.00,96.00,51.00,28.00,APPROVED
TX: LAREDO,08/26/2023 05:03:00,58.00,1801.00,988.00,274.00,139.00,81.00,98.00,52.00,31.00,APPROVED
TX: LAREDO,08/26/2023 06:03:00,56.00,1837.00,1004.00,279.00,139.00,82.00,100.00,53.00,37.00,APPROVED
TX: LAREDO,08/26/2023 07:03:00,60.00,1862.00,1036.00,291.00,148.00,85.00,106.00,56.00,42.00,APPROVED
TX: LAREDO,08/26/2023 08:03:00,60.00,1886.00,1066.00,302.00,150.00,89.00,110.00,58.00,47.00,APPROVED
TX: LAREDO,08/26/2023 09:03:00,59.00,1913.00,1094.00,305.00,160.00,92.00,115.00,61.00,47.00,APPROVED
TX: LAREDO,08/26/2023 10:04:00,58.00,1929.00,1123.00,318.00,161.00,93.00,120.00,63.00,50.00,APPROVED
TX: LAREDO,08/26/2023 11:04:00,59.00,1918.00,1116.00,320.00,164.00,94.00,122.00,63.00,51.00,APPROVED
TX: LAREDO,08/26/2023 12:04:00,59.00,1932.00,1136.00,324.00,164.00,96.00,123.00,63.00,51.00,APPROVED
TX: LAREDO,08/26/2023 13:04:00,55.00,1937.00,1135.00,327.00,171.00,93.00,123.00,65.00,51.00,APPROVED
TX: LAREDO,08/26/2023 14:05:00,59.00,1950.00,1152.00,331.00,168.00,96.00,123.00,65.00,52.00,APPROVED
TX: LAREDO,08/26/2023 15:05:00,61.00,1921.00,1115.00,317.00,163.00,93.00,120.00,65.00,45.00,APPROVED
TX: LAREDO,08/26/2023 16:05:00,58.00,1836.00,1031.00,291.00,149.00,84.00,104.00,57.00,32.00,APPROVED
TX: LAREDO,08/26/2023 17:05:00,56.00,1813.00,1005.00,279.00,141.00,83.00,97.00,55.00,28.00,APPROVED
TX: LAREDO,08/26/2023 18:05:00,57.00,1828.00,1004.00,272.00,140.00,78.00,97.00,55.00,28.00,APPROVED
TX: LAREDO,08/26/2023 19:06:00,57.00,1808.00,995.00,275.00,136.00,82.00,95.00,55.00,26.00,APPROVED
TX: LAREDO,08/26/2023 20:06:00,55.00,1800.00,991.00,273.00,141.00,81.00,94.00,55.00,25.00,APPROVED
TX: LAREDO,08/26/2023 21:06:00,55.00,1805.00,984.00,270.00,138.00,82.00,94.00,56.00,26.00,APPROVED
TX: LAREDO,08/26/2023 22:06:00,55.00,1795.00,976.00,270.00,137.00,80.00,92.00,54.00,25.00,APPROVED
TX: LAREDO,08/26/2023 23:06:00,55.00,1786.00,979.00,270.00,135.00,79.00,94.00,54.00,25.00,APPROVED
TX: LAREDO,08/27/2023 00:07:00,57.00,1784.00,968.00,265.00,135.00,81.00,92.00,52.00,25.00,APPROVED
TX: LAREDO,08/27/2023 01:07:00,54.00,1792.00,968.00,267.00,133.00,78.00,91.00,53.00,26.00,APPROVED
TX: LAREDO,08/27/2023 02:07:00,55.00,1800.00,976.00,265.00,134.00,80.00,93.00,53.00,26.00,APPROVED
TX: LAREDO,08/27/2023 03:07:00,55.00,1800.00,994.00,270.00,140.00,83.00,96.00,53.00,29.00,APPROVED
TX: LAREDO,08/27/2023 04:07:00,55.00,1801.00,986.00,270.00,131.00,82.00,95.00,52.00,30.00,APPROVED
TX: LAREDO,08/27/2023 05:08:00,56.00,1817.00,991.00,276.00,136.00,81.00,98.00,53.00,32.00,APPROVED
TX: LAREDO,08/27/2023 06:08:00,57.00,1819.00,985.00,276.00,137.00,80.00,100.00,52.00,37.00,APPROVED
TX: LAREDO,08/27/2023 07:08:00,55.00,1853.00,1026.00,284.00,143.00,83.00,100.00,56.00,39.00,APPROVED
TX: LAREDO,08/27/2023 08:08:00,58.00,1884.00,1067.00,294.00,147.00,87.00,108.00,57.00,43.00,APPROVED
TX: LAREDO,08/27/2023 09:08:00,56.00,1913.00,1100.00,310.00,157.00,89.00,113.00,59.00,48.00,APPROVED
TX: LAREDO,08/27/2023 10:09:00,60.00,1934.00,1119.00,318.00,161.00,91.00,118.00,61.00,50.00,APPROVED
TX: LAREDO,08/27/2023 11:09:00,60.00,1955.00,1161.00,329.00,168.00,96.00,124.00,63.00,50.00,APPROVED
TX: LAREDO,08/27/2023 12:09:00,62.00,1990.00,1208.00,346.00,178.00,101.00,131.00,69.00,51.00,APPROVED
TX: LAREDO,08/27/2023 13:09:00,62.00,2122.00,1398.00,406.00,218.00,119.00,166.00,83.00,57.00,APPROVED
TX: LAREDO,08/27/2023 14:09:00,62.00,2146.00,1430.00,426.00,229.00,123.00,175.00,87.00,58.00,APPROVED
TX: LAREDO,08/27/2023 15:10:00,58.00,1997.00,1226.00,361.00,192.00,105.00,138.00,71.00,49.00,APPROVED
TX: LAREDO,08/27/2023 16:10:00,57.00,1875.00,1086.00,312.00,158.00,90.00,116.00,61.00,37.00,APPROVED
TX: LAREDO,08/27/2023 17:10:00,54.00,1834.00,1039.00,291.00,145.00,83.00,101.00,58.00,30.00,APPROVED
TX: LAREDO,08/27/2023 18:10:00,55.00,1832.00,1016.00,279.00,141.00,84.00,97.00,56.00,27.00,APPROVED
TX: LAREDO,08/27/2023 19:11:00,57.00,1827.00,1012.00,281.00,143.00,82.00,95.00,57.00,26.00,APPROVED
TX: LAREDO,08/27/2023 20:11:00,52.00,1820.00,1006.00,276.00,139.00,84.00,93.00,57.00,26.00,APPROVED
TX: LAREDO,08/27/2023 21:11:00,56.00,1817.00,1010.00,274.00,141.00,82.00,97.00,56.00,26.00,APPROVED
TX: LAREDO,08/27/2023 22:11:00,53.00,1801.00,1001.00,276.00,138.00,81.00,96.00,56.00,27.00,APPROVED
TX: LAREDO,08/27/2023 23:11:00,53.00,1807.00,991.00,267.00,137.00,80.00,93.00,54.00,25.00,APPROVED
TX: LAREDO,08/28/2023 00:12:00,54.00,1794.00,987.00,270.00,137.00,80.00,95.00,53.00,26.00,APPROVED
TX: LAREDO,08/28/2023 01:12:00,54.00,1797.00,978.00,272.00,137.00,80.00,91.00,54.00,27.00,APPROVED
TX: LAREDO,08/28/2023 02:12:00,53.00,1801.00,977.00,271.00,136.00,79.00,91.00,53.00,26.00,APPROVED
TX: LAREDO,08/28/2023 03:12:00,55.00,1834.00,1023.00,277.00,144.00,81.00,96.00,56.00,28.00,APPROVED
TX: LAREDO,08/28/2023 04:12:00,56.00,1948.00,1165.00,319.00,173.00,95.00,116.00,64.00,32.00,APPROVED
TX: LAREDO,08/28/2023 05:13:00,57.00,1970.00,1193.00,331.00,182.00,98.00,127.00,71.00,36.00,APPROVED
TX: LAREDO,08/28/2023 06:13:00,59.00,1918.00,1118.00,313.00,166.00,94.00,118.00,65.00,36.00,APPROVED
TX: LAREDO,08/28/2023 07:13:00,55.00,1904.00,1091.00,306.00,157.00,90.00,112.00,60.00,40.00,APPROVED
TX: LAREDO,08/28/2023 08:13:00,57.00,1908.00,1088.00,309.00,155.00,88.00,110.00,60.00,40.00,APPROVED
TX: LAREDO,08/28/2023 09:13:00,57.00,1921.00,1102.00,312.00,156.00,91.00,112.00,61.00,43.00,APPROVED
TX: LAREDO,08/28/2023 10:14:00,57.00,1964.00,1160.00,329.00,166.00,96.00,121.00,63.00,48.00,APPROVED
TX: LAREDO,08/28/2023 11:14:00,57.00,1996.00,1219.00,340.00,179.00,99.00,130.00,66.00,49.00,APPROVED
TX: LAREDO,08/28/2023 12:14:00,61.00,2041.00,1272.00,365.00,191.00,105.00,141.00,73.00,52.00,APPROVED
TX: LAREDO,08/28/2023 13:14:00,61.00,2091.00,1344.00,390.00,207.00,111.00,153.00,79.00,56.00,APPROVED
TX: LAREDO,08/28/2023 14:14:00,61.00,2068.00,1310.00,385.00,203.00,114.00,151.00,78.00,54.00,APPROVED
TX: LAREDO,08/28/2023 15:15:00,61.00,2008.00,1227.00,356.00,191.00,103.00,132.00,72.00,46.00,APPROVED
TX: LAREDO,08/28/2023 16:15:00,57.00,1908.00,1121.00,320.00,168.00,93.00,117.00,65.00,34.00,APPROVED
TX: LAREDO,08/28/2023 17:15:00,55.00,1896.00,1103.00,302.00,162.00,92.00,109.00,62.00,30.00,APPROVED
TX: LAREDO,08/28/2023 18:15:00,57.00,1880.00,1090.00,301.00,160.00,89.00,107.00,62.00,30.00,APPROVED
TX: LAREDO,08/28/2023 19:16:00,54.00,1849.00,1063.00,295.00,155.00,89.00,105.00,59.00,28.00,APPROVED
TX: LAREDO,08/28/2023 20:16:00,54.00,1840.00,1055.00,287.00,150.00,86.00,103.00,60.00,28.00,APPROVED
TX: LAREDO,08/28/2023 21:16:00,54.00,1837.00,1040.00,284.00,150.00,84.00,101.00,58.00,26.00,APPROVED
TX: LAREDO,08/28/2023 22:16:00,53.00,1833.00,1033.00,279.00,147.00,83.00,101.00,58.00,28.00,APPROVED
TX: LAREDO,08/28/2023 23:16:00,53.00,1842.00,1030.00,281.00,151.00,86.00,97.00,58.00,27.00,APPROVED
TX: LAREDO,08/29/2023 00:17:00,53.00,1843.00,1033.00,280.00,146.00,84.00,100.00,56.00,26.00,APPROVED
TX: LAREDO,08/29/2023 01:17:00,51.00,1858.00,1041.00,286.00,151.00,84.00,99.00,58.00,28.00,APPROVED
TX: LAREDO,08/29/2023 02:17:00,55.00,1871.00,1041.00,287.00,146.00,83.00,101.00,57.00,27.00,APPROVED
TX: LAREDO,08/29/2023 03:17:00,55.00,1910.00,1080.00,297.00,156.00,87.00,105.00,60.00,28.00,APPROVED
TX: LAREDO,08/29/2023 04:17:00,55.00,1911.00,1084.00,298.00,153.00,88.00,107.00,59.00,30.00,APPROVED
TX: LAREDO,08/29/2023 05:18:00,53.00,1900.00,1090.00,303.00,153.00,88.00,108.00,61.00,31.00,APPROVED
TX: LAREDO,08/29/2023 06:18:00,55.00,1954.00,1114.00,312.00,159.00,92.00,110.00,60.00,34.00,APPROVED
TX: LAREDO,08/29/2023 07:18:00,56.00,1984.00,1154.00,321.00,165.00,94.00,115.00,62.00,38.00,APPROVED
TX: LAREDO,08/29/2023 08:18:00,54.00,2006.00,1184.00,332.00,173.00,96.00,121.00,66.00,43.00,APPROVED
TX: LAREDO,08/29/2023 09:18:00,55.00,2007.00,1181.00,335.00,176.00,95.00,123.00,66.00,42.00,APPROVED
TX: LAREDO,08/29/2023 10:19:00,56.00,2014.00,1191.00,331.00,171.00,98.00,126.00,66.00,43.00,APPROVED
TX: LAREDO,08/29/2023 11:19:00,55.00,2039.00,1198.00,343.00,175.00,100.00,126.00,68.00,48.00,APPROVED
TX: LAREDO,08/29/2023 12:19:00,55.00,2016.00,1185.00,335.00,173.00,97.00,126.00,66.00,46.00,APPROVED
TX: LAREDO,08/29/2023 13:19:00,56.00,2003.00,1176.00,332.00,171.00,97.00,122.00,65.00,48.00,APPROVED
TX: LAREDO,08/29/2023 14:20:00,57.00,1995.00,1156.00,334.00,167.00,96.00,120.00,64.00,48.00,APPROVED
TX: LAREDO,08/29/2023 15:20:00,57.00,2024.00,1185.00,336.00,174.00,98.00,124.00,68.00,45.00,APPROVED
TX: LAREDO,08/29/2023 16:20:00,58.00,2033.00,1190.00,340.00,176.00,97.00,125.00,66.00,41.00,APPROVED
TX: LAREDO,08/29/2023 17:20:00,57.00,2018.00,1199.00,334.00,174.00,98.00,127.00,69.00,33.00,APPROVED
TX: LAREDO,08/29/2023 18:20:00,55.00,2001.00,1178.00,327.00,178.00,97.00,123.00,67.00,30.00,APPROVED
TX: LAREDO,08/29/2023 19:21:00,55.00,1933.00,1124.00,311.00,169.00,94.00,114.00,65.00,30.00,APPROVED
TX: LAREDO,08/29/2023 20:21:00,56.00,1901.00,1099.00,303.00,164.00,90.00,109.00,61.00,30.00,APPROVED
TX: LAREDO,08/29/2023 21:21:00,52.00,1882.00,1071.00,298.00,155.00,90.00,104.00,61.00,28.00,APPROVED
TX: LAREDO,08/29/2023 22:21:00,54.00,1866.00,1059.00,288.00,152.00,87.00,101.00,59.00,27.00,APPROVED
TX: LAREDO,08/29/2023 23:21:00,53.00,1847.00,1046.00,286.00,151.00,84.00,100.00,58.00,27.00,APPROVED
TX: LAREDO,08/30/2023 00:22:00,53.00,1855.00,1039.00,283.00,147.00,81.00,103.00,60.00,28.00,APPROVED
TX: LAREDO,08/30/2023 01:22:00,52.00,1847.00,1038.00,288.00,151.00,84.00,100.00,56.00,28.00,APPROVED
TX: LAREDO,08/30/2023 02:22:00,51.00,1865.00,1041.00,284.00,146.00,85.00,102.00,59.00,28.00,APPROVED
TX: LAREDO,08/30/2023 03:22:00,54.00,1881.00,1059.00,294.00,152.00,86.00,106.00,58.00,30.00,APPROVED
TX: LAREDO,08/30/2023 04:22:00,54.00,1901.00,1082.00,299.00,153.00,87.00,106.00,59.00,31.00,APPROVED
TX: LAREDO,08/30/2023 05:23:00,54.00,1951.00,1135.00,311.00,163.00,92.00,113.00,62.00,32.00,APPROVED
TX: LAREDO,08/30/2023 06:23:00,58.00,2090.00,1283.00,351.00,191.00,103.00,137.00,73.00,39.00,APPROVED
TX: LAREDO,08/30/2023 07:23:00,57.00,2092.00,1277.00,366.00,196.00,108.00,143.00,73.00,46.00,APPROVED
TX: LAREDO,08/30/2023 08:23:00,59.00,2118.00,1312.00,375.00,200.00,111.00,149.00,76.00,50.00,APPROVED
TX: LAREDO,08/30/2023 09:24:00,58.00,2132.00,1348.00,391.00,210.00,113.00,153.00,79.00,54.00,APPROVED
TX: LAREDO,08/30/2023 10:24:00,58.00,2137.00,1359.00,397.00,208.00,114.00,154.00,81.00,55.00,APPROVED
TX: LAREDO,08/30/2023 11:24:00,58.00,2124.00,1326.00,397.00,206.00,113.00,155.00,80.00,54.00,APPROVED
TX: LAREDO,08/30/2023 12:24:00,55.00,2079.00,1294.00,378.00,196.00,110.00,147.00,74.00,55.00,APPROVED
TX: LAREDO,08/30/2023 13:24:00,59.00,2236.00,1434.00,416.00,218.00,118.00,163.00,83.00,57.00,APPROVED
TX: LAREDO,08/30/2023 14:25:00,64.00,2272.00,1506.00,444.00,236.00,127.00,178.00,93.00,58.00,APPROVED
TX: LAREDO,08/30/2023 15:25:00,60.00,2185.00,1408.00,414.00,225.00,120.00,166.00,84.00,51.00,APPROVED
TX: LAREDO,08/30/2023 16:19:00,59.00,2099.00,1315.00,378.00,205.00,109.00,145.00,77.00,39.00,APPROVED
TX: LAREDO,08/30/2023 17:19:00,55.00,1987.00,1199.00,341.00,184.00,100.00,128.00,73.00,34.00,APPROVED
TX: LAREDO,08/30/2023 18:19:00,53.00,1917.00,1123.00,316.00,168.00,93.00,116.00,65.00,32.00,APPROVED
TX: LAREDO,08/30/2023 19:20:00,51.00,1878.00,1087.00,306.00,160.00,89.00,109.00,63.00,30.00,APPROVED
TX: LAREDO,08/30/2023 20:20:00,55.00,1866.00,1081.00,302.00,157.00,88.00,105.00,61.00,29.00,APPROVED
TX: LAREDO,08/30/2023 21:20:00,53.00,1870.00,1067.00,297.00,154.00,87.00,105.00,61.00,30.00,APPROVED
TX: LAREDO,08/30/2023 22:20:00,52.00,1854.00,1064.00,292.00,157.00,88.00,104.00,62.00,28.00,APPROVED
TX: LAREDO,08/30/2023 23:20:00,52.00,1854.00,1066.00,293.00,154.00,86.00,105.00,59.00,28.00,APPROVED
TX: LAREDO,08/31/2023 00:21:00,51.00,1886.00,1058.00,293.00,153.00,88.00,101.00,59.00,28.00,APPROVED
TX: LAREDO,08/31/2023 01:21:00,52.00,1884.00,1065.00,292.00,150.00,87.00,103.00,59.00,28.00,APPROVED
TX: LAREDO,08/31/2023 02:21:00,54.00,1890.00,1070.00,295.00,155.00,87.00,106.00,61.00,30.00,APPROVED
TX: LAREDO,08/31/2023 03:21:00,55.00,1926.00,1116.00,304.00,160.00,90.00,108.00,61.00,31.00,APPROVED
TX: LAREDO,08/31/2023 04:21:00,57.00,1971.00,1161.00,320.00,168.00,94.00,121.00,64.00,32.00,APPROVED
TX: LAREDO,08/31/2023 05:22:00,55.00,1987.00,1201.00,337.00,183.00,99.00,127.00,70.00,38.00,APPROVED
TX: LAREDO,08/31/2023 06:22:00,56.00,1943.00,1142.00,325.00,165.00,94.00,119.00,65.00,38.00,APPROVED
TX: LAREDO,08/31/2023 07:22:00,52.00,1953.00,1150.00,318.00,164.00,95.00,120.00,63.00,42.00,APPROVED
TX: LAREDO,08/31/2023 08:22:00,55.00,1978.00,1173.00,334.00,171.00,96.00,124.00,65.00,45.00,APPROVED
TX: LAREDO,08/31/2023 09:23:00,58.00,2036.00,1234.00,352.00,183.00,102.00,137.00,70.00,51.00,APPROVED
TX: LAREDO,08/31/2023 10:23:00,60.00,2152.00,1409.00,406.00,221.00,118.00,163.00,83.00,56.00,APPROVED
TX: LAREDO,08/31/2023 11:23:00,61.00,2189.00,1469.00,431.00,231.00,127.00,176.00,89.00,59.00,APPROVED
TX: LAREDO,08/31/2023 12:23:00,61.00,2159.00,1442.00,429.00,226.00,121.00,170.00,88.00,61.00,APPROVED
TX: LAREDO,08/31/2023 13:23:00,60.00,2160.00,1434.00,429.00,225.00,120.00,170.00,86.00,57.00,APPROVED
TX: LAREDO,08/31/2023 14:24:00,61.00,2097.00,1351.00,403.00,211.00,114.00,157.00,79.00,56.00,APPROVED
TX: LAREDO,08/31/2023 15:24:00,60.00,2035.00,1258.00,370.00,194.00,107.00,140.00,76.00,47.00,APPROVED
TX: LAREDO,08/31/2023 16:24:00,56.00,1962.00,1181.00,337.00,179.00,98.00,127.00,69.00,35.00,APPROVED
TX: LAREDO,08/31/2023 17:24:00,56.00,1914.00,1129.00,313.00,168.00,93.00,112.00,65.00,32.00,APPROVED
TX: LAREDO,08/31/2023 18:24:00,55.00,1877.00,1089.00,302.00,160.00,87.00,108.00,61.00,28.00,APPROVED
TX: LAREDO,08/31/2023 19:25:00,53.00,1867.00,1079.00,298.00,155.00,87.00,105.00,61.00,30.00,APPROVED
TX: LAREDO,08/31/2023 20:25:00,53.00,1866.00,1075.00,293.00,152.00,89.00,104.00,61.00,28.00,APPROVED
TX: LAREDO,08/31/2023 21:25:00,52.00,1864.00,1063.00,294.00,156.00,89.00,103.00,61.00,28.00,APPROVED
TX: LAREDO,08/31/2023 22:25:00,53.00,1869.00,1068.00,293.00,153.00,87.00,103.00,61.00,28.00,APPROVED
TX: LAREDO,08/31/2023 23:26:00,52.00,1865.00,1060.00,292.00,154.00,88.00,103.00,59.00,29.00,APPROVED
TX: LAREDO,09/01/2023 00:26:00,52.00,1866.00,1070.00,288.00,156.00,88.00,102.00,62.00,29.00,APPROVED
TX: LAREDO,09/01/2023 01:26:00,52.00,1873.00,1074.00,296.00,157.00,87.00,102.00,60.00,28.00,APPROVED
TX: LAREDO,09/01/2023 02:26:00,54.00,1922.00,1134.00,304.00,166.00,94.00,113.00,63.00,29.00,APPROVED
TX: LAREDO,09/01/2023 03:26:00,52.00,1888.00,1078.00,305.00,161.00,90.00,111.00,60.00,30.00,APPROVED
TX: LAREDO,09/01/2023 04:27:00,49.00,1869.00,1050.00,292.00,151.00,86.00,104.00,57.00,31.00,APPROVED
TX: LAREDO,09/01/2023 05:27:00,52.00,1873.00,1036.00,291.00,148.00,84.00,104.00,57.00,34.00,APPROVED
TX: LAREDO,09/01/2023 06:27:00,52.00,1876.00,1044.00,297.00,146.00,87.00,104.00,57.00,37.00,APPROVED
TX: LAREDO,09/01/2023 07:27:00,51.00,1898.00,1069.00,299.00,150.00,88.00,109.00,59.00,41.00,APPROVED
TX: LAREDO,09/01/2023 08:27:00,54.00,1922.00,1097.00,309.00,154.00,88.00,112.00,58.00,45.00,APPROVED
TX: LAREDO,09/01/2023 09:28:00,51.00,1942.00,1121.00,322.00,161.00,92.00,117.00,61.00,47.00,APPROVED
TX: LAREDO,09/01/2023 10:28:00,54.00,1951.00,1142.00,328.00,161.00,94.00,120.00,61.00,50.00,APPROVED
TX: LAREDO,09/01/2023 11:28:00,53.00,1958.00,1132.00,325.00,167.00,93.00,120.00,64.00,50.00,APPROVED
TX: LAREDO,09/01/2023 12:28:00,55.00,1954.00,1140.00,326.00,163.00,91.00,121.00,63.00,49.00,APPROVED
TX: LAREDO,09/01/2023 13:29:00,55.00,1938.00,1133.00,325.00,164.00,91.00,119.00,64.00,50.00,APPROVED
TX: LAREDO,09/01/2023 14:29:00,52.00,1909.00,1114.00,322.00,160.00,94.00,119.00,61.00,50.00,APPROVED
TX: LAREDO,09/01/2023 15:29:00,51.00,1895.00,1099.00,315.00,156.00,91.00,114.00,61.00,44.00,APPROVED
TX: LAREDO,09/01/2023 16:29:00,54.00,1870.00,1075.00,307.00,158.00,89.00,113.00,60.00,32.00,APPROVED
TX: LAREDO,09/01/2023 17:29:00,51.00,1862.00,1055.00,293.00,154.00,86.00,107.00,59.00,31.00,APPROVED
TX: LAREDO,09/01/2023 18:30:00,51.00,1861.00,1055.00,297.00,154.00,86.00,102.00,59.00,28.00,APPROVED
TX: LAREDO,09/01/2023 19:30:00,52.00,1862.00,1060.00,298.00,153.00,88.00,104.00,60.00,28.00,APPROVED
TX: LAREDO,09/01/2023 20:30:00,52.00,1854.00,1058.00,292.00,156.00,87.00,103.00,60.00,28.00,APPROVED
TX: LAREDO,09/01/2023 21:30:00,54.00,1877.00,1068.00,294.00,154.00,87.00,103.00,60.00,28.00,APPROVED
TX: LAREDO,09/01/2023 22:30:00,53.00,1876.00,1066.00,294.00,155.00,85.00,105.00,62.00,28.00,APPROVED
TX: LAREDO,09/01/2023 23:31:00,53.00,1870.00,1062.00,294.00,156.00,87.00,103.00,60.00,29.00,APPROVED
TX: LAREDO,09/02/2023 00:31:00,53.00,1873.00,1048.00,290.00,149.00,88.00,105.00,59.00,28.00,APPROVED
TX: LAREDO,09/02/2023 01:31:00,53.00,1857.00,1045.00,290.00,148.00,87.00,103.00,57.00,28.00,APPROVED
TX: LAREDO,09/02/2023 02:31:00,52.00,1877.00,1044.00,289.00,146.00,84.00,103.00,58.00,29.00,APPROVED
TX: LAREDO,09/02/2023 03:31:00,54.00,1860.00,1038.00,286.00,150.00,85.00,103.00,59.00,31.00,APPROVED
TX: LAREDO,09/02/2023 04:32:00,51.00,1840.00,1025.00,293.00,148.00,84.00,102.00,56.00,34.00,APPROVED
TX: LAREDO,09/02/2023 05:32:00,52.00,1857.00,1020.00,289.00,141.00,84.00,102.00,56.00,35.00,APPROVED
TX: LAREDO,10/11/2023 17:38:00,48.00,1798.00,1021.00,286.00,155.00,108.00,159.00,100.00,15.00,APPROVED
TX: LAREDO,10/11/2023 18:39:00,45.00,1778.00,1027.00,281.00,158.00,108.00,157.00,98.00,15.00,APPROVED
TX: LAREDO,10/11/2023 19:39:00,45.00,1765.00,1011.00,282.00,152.00,106.00,158.00,100.00,14.00,APPROVED
TX: LAREDO,10/11/2023 20:39:00,46.00,1764.00,1005.00,284.00,151.00,104.00,155.00,98.00,14.00,APPROVED
TX: LAREDO,10/11/2023 21:39:00,45.00,1769.00,1005.00,281.00,150.00,106.00,159.00,93.00,15.00,APPROVED
TX: LAREDO,10/11/2023 22:39:00,47.00,1763.00,1006.00,287.00,150.00,106.00,157.00,97.00,14.00,APPROVED
TX: LAREDO,10/11/2023 23:40:00,45.00,1771.00,1011.00,282.00,149.00,104.00,159.00,98.00,15.00,APPROVED
TX: LAREDO,10/12/2023 00:40:00,47.00,1779.00,1010.00,283.00,152.00,108.00,160.00,96.00,15.00,APPROVED
TX: LAREDO,10/12/2023 01:40:00,47.00,1802.00,1032.00,287.00,157.00,108.00,160.00,98.00,14.00,APPROVED
TX: LAREDO,10/12/2023 02:40:00,45.00,1840.00,1066.00,291.00,162.00,113.00,159.00,98.00,16.00,APPROVED
TX: LAREDO,10/12/2023 03:41:00,46.00,1862.00,1092.00,302.00,170.00,117.00,159.00,103.00,17.00,APPROVED
TX: LAREDO,10/12/2023 04:41:00,47.00,1845.00,1068.00,295.00,168.00,118.00,159.00,103.00,16.00,APPROVED
TX: LAREDO,10/12/2023 05:41:00,47.00,1825.00,1049.00,292.00,159.00,117.00,157.00,101.00,16.00,APPROVED
TX: LAREDO,10/12/2023 06:41:00,45.00,1806.00,1040.00,288.00,157.00,116.00,151.00,99.00,15.00,APPROVED
TX: LAREDO,10/12/2023 07:41:00,46.00,1813.00,1042.00,286.00,156.00,119.00,150.00,99.00,15.00,APPROVED
TX: LAREDO,10/12/2023 08:42:00,47.00,1829.00,1049.00,292.00,157.00,118.00,151.00,98.00,15.00,APPROVED
TX: LAREDO,10/12/2023 09:42:00,47.00,1821.00,1064.00,293.00,159.00,120.00,150.00,99.00,17.00,APPROVED
TX: LAREDO,10/12/2023 10:42:00,47.00,1822.00,1062.00,296.00,161.00,121.00,156.00,102.00,16.00,APPROVED
TX: LAREDO,10/12/2023 11:42:00,45.00,1836.00,1082.00,296.00,165.00,122.00,152.00,103.00,16.00,APPROVED
TX: LAREDO,10/12/2023 12:43:00,45.00,1841.00,1096.00,300.00,168.00,125.00,159.00,102.00,18.00,APPROVED
TX: LAREDO,10/12/2023 13:43:00,48.00,1836.00,1099.00,303.00,173.00,128.00,154.00,103.00,18.00,APPROVED
TX: LAREDO,10/12/2023 14:43:00,45.00,1831.00,1077.00,298.00,169.00,124.00,156.00,102.00,18.00,APPROVED
TX: LAREDO,10/12/2023 15:43:00,47.00,1806.00,1057.00,295.00,163.00,118.00,156.00,100.00,17.00,APPROVED
TX: LAREDO,10/12/2023 16:43:00,45.00,1781.00,1044.00,287.00,159.00,111.00,160.00,99.00,16.00,APPROVED
TX: LAREDO,10/12/2023 17:44:00,47.00,1773.00,1033.00,285.00,155.00,109.00,156.00,98.00,17.00,APPROVED
TX: LAREDO,10/12/2023 18:44:00,47.00,1778.00,1024.00,287.00,156.00,106.00,162.00,98.00,15.00,APPROVED
TX: LAREDO,10/12/2023 19:44:00,46.00,1774.00,1038.00,285.00,157.00,107.00,161.00,97.00,15.00,APPROVED
TX: LAREDO,10/12/2023 20:44:00,47.00,1794.00,1039.00,290.00,156.00,107.00,162.00,99.00,14.00,APPROVED
TX: LAREDO,10/12/2023 21:45:00,44.00,1794.00,1028.00,281.00,157.00,106.00,162.00,98.00,15.00,APPROVED
TX: LAREDO,10/12/2023 22:45:00,47.00,1786.00,1029.00,286.00,154.00,105.00,161.00,97.00,16.00,APPROVED
TX: LAREDO,10/12/2023 23:45:00,47.00,1792.00,1022.00,284.00,155.00,106.00,160.00,99.00,14.00,APPROVED
TX: LAREDO,10/13/2023 00:45:00,49.00,1788.00,1025.00,286.00,155.00,105.00,160.00,94.00,15.00,APPROVED
TX: LAREDO,10/13/2023 01:45:00,44.00,1820.00,1044.00,291.00,160.00,109.00,165.00,98.00,17.00,APPROVED
TX: LAREDO,10/13/2023 02:46:00,47.00,1844.00,1080.00,300.00,163.00,112.00,164.00,101.00,15.00,APPROVED
TX: LAREDO,10/13/2023 03:46:00,48.00,1853.00,1083.00,297.00,166.00,114.00,164.00,103.00,16.00,APPROVED
TX: LAREDO,10/13/2023 04:46:00,47.00,1817.00,1050.00,291.00,161.00,112.00,164.00,99.00,16.00,APPROVED
TX: LAREDO,10/13/2023 05:46:00,47.00,1809.00,1033.00,289.00,157.00,112.00,156.00,100.00,16.00,APPROVED
TX: LAREDO,10/13/2023 06:47:00,44.00,1818.00,1040.00,289.00,155.00,115.00,154.00,98.00,15.00,APPROVED
TX: LAREDO,10/13/2023 07:47:00,44.00,1827.00,1057.00,293.00,158.00,113.00,155.00,98.00,15.00,APPROVED
TX: LAREDO,10/13/2023 08:47:00,47.00,1834.00,1068.00,294.00,161.00,117.00,160.00,100.00,17.00,APPROVED
TX: LAREDO,10/13/2023 09:47:00,47.00,1853.00,1088.00,304.00,160.00,115.00,158.00,101.00,17.00,APPROVED
TX: LAREDO,10/13/2023 10:47:00,47.00,1866.00,1097.00,304.00,169.00,118.00,161.00,102.00,18.00,APPROVED
TX: LAREDO,10/13/2023 11:48:00,47.00,1887.00,1124.00,307.00,174.00,124.00,167.00,104.00,18.00,APPROVED
TX: LAREDO,10/13/2023 12:48:00,47.00,1882.00,1116.00,310.00,179.00,123.00,160.00,106.00,18.00,APPROVED
TX: LAREDO,10/13/2023 13:48:00,46.00,1851.00,1107.00,302.00,173.00,121.00,162.00,107.00,16.00,APPROVED
TX: LAREDO,10/13/2023 14:48:00,47.00,1860.00,1092.00,301.00,173.00,119.00,165.00,104.00,18.00,APPROVED
TX: LAREDO,10/13/2023 15:49:00,45.00,1857.00,1106.00,305.00,171.00,117.00,166.00,103.00,17.00,APPROVED
TX: LAREDO,10/13/2023 16:49:00,45.00,1858.00,1099.00,307.00,173.00,119.00,167.00,103.00,17.00,APPROVED
TX: LAREDO,10/13/2023 17:49:00,47.00,1857.00,1104.00,301.00,169.00,115.00,165.00,103.00,16.00,APPROVED
TX: LAREDO,10/13/2023 18:49:00,45.00,1881.00,1112.00,305.00,170.00,115.00,170.00,101.00,16.00,APPROVED
TX: LAREDO,10/13/2023 19:49:00,47.00,1877.00,1105.00,309.00,171.00,113.00,173.00,104.00,18.00,APPROVED
TX: LAREDO,10/13/2023 20:50:00,49.00,1887.00,1114.00,311.00,176.00,113.00,173.00,106.00,18.00,APPROVED
TX: LAREDO,10/13/2023 21:50:00,47.00,1894.00,1130.00,311.00,178.00,114.00,179.00,103.00,17.00,APPROVED
TX: LAREDO,10/13/2023 22:50:00,45.00,1893.00,1116.00,306.00,176.00,113.00,171.00,106.00,18.00,APPROVED
TX: LAREDO,10/13/2023 23:50:00,46.00,1894.00,1125.00,308.00,176.00,113.00,172.00,105.00,17.00,APPROVED
TX: LAREDO,10/14/2023 00:51:00,48.00,1895.00,1132.00,311.00,174.00,117.00,174.00,105.00,18.00,APPROVED
TX: LAREDO,10/14/2023 01:51:00,48.00,1931.00,1165.00,316.00,185.00,119.00,175.00,106.00,19.00,APPROVED
TX: LAREDO,10/14/2023 02:51:00,46.00,1981.00,1236.00,336.00,201.00,125.00,185.00,112.00,20.00,APPROVED
TX: LAREDO,10/14/2023 03:51:00,48.00,2031.00,1283.00,352.00,210.00,130.00,190.00,117.00,21.00,APPROVED
TX: LAREDO,10/14/2023 04:51:00,47.00,2073.00,1327.00,359.00,226.00,135.00,196.00,119.00,22.00,APPROVED
TX: LAREDO,10/14/2023 05:52:00,47.00,2048.00,1335.00,359.00,223.00,135.00,198.00,119.00,23.00,APPROVED
TX: LAREDO,10/14/2023 06:52:00,48.00,2008.00,1284.00,352.00,220.00,131.00,192.00,119.00,21.00,APPROVED
TX: LAREDO,10/14/2023 07:52:00,46.00,2000.00,1252.00,344.00,208.00,129.00,189.00,112.00,20.00,APPROVED
TX: LAREDO,10/14/2023 08:52:00,51.00,2150.00,1382.00,371.00,232.00,138.00,205.00,122.00,24.00,APPROVED
TX: LAREDO,10/14/2023 09:53:00,52.00,2244.00,1444.00,390.00,244.00,146.00,210.00,125.00,25.00,APPROVED
TX: LAREDO,10/14/2023 10:53:00,50.00,2124.00,1315.00,361.00,213.00,133.00,186.00,117.00,22.00,APPROVED
TX: LAREDO,10/14/2023 11:53:00,52.00,2075.00,1284.00,347.00,205.00,133.00,176.00,112.00,20.00,APPROVED
TX: LAREDO,10/14/2023 12:53:00,59.00,2269.00,1453.00,387.00,233.00,145.00,198.00,122.00,22.00,APPROVED
TX: LAREDO,10/14/2023 13:53:00,79.00,2552.00,1714.00,454.00,290.00,166.00,225.00,136.00,29.00,APPROVED
TX: LAREDO,10/14/2023 14:54:00,66.00,2316.00,1498.00,411.00,257.00,156.00,204.00,128.00,26.00,APPROVED
TX: LAREDO,10/14/2023 15:54:00,52.00,2071.00,1271.00,355.00,207.00,139.00,175.00,115.00,20.00,APPROVED
TX: LAREDO,10/14/2023 16:54:00,52.00,2047.00,1270.00,344.00,201.00,135.00,175.00,112.00,22.00,APPROVED
TX: LAREDO,10/14/2023 17:54:00,54.00,2267.00,1452.00,396.00,239.00,148.00,196.00,121.00,23.00,APPROVED
TX: LAREDO,10/14/2023 18:55:00,51.00,2135.00,1329.00,365.00,216.00,143.00,178.00,117.00,23.00,APPROVED
TX: LAREDO,10/14/2023 19:55:00,52.00,2167.00,1367.00,375.00,225.00,146.00,188.00,118.00,22.00,APPROVED
TX: LAREDO,10/14/2023 20:55:00,49.00,2001.00,1214.00,335.00,192.00,131.00,172.00,113.00,20.00,APPROVED
TX: LAREDO,10/14/2023 21:55:00,46.00,1908.00,1142.00,318.00,179.00,120.00,166.00,104.00,17.00,APPROVED
TX: LAREDO,10/14/2023 22:55:00,45.00,1867.00,1112.00,308.00,169.00,118.00,162.00,104.00,17.00,APPROVED
TX: LAREDO,10/14/2023 23:56:00,47.00,1879.00,1111.00,306.00,167.00,117.00,162.00,101.00,17.00,APPROVED
TX: LAREDO,10/15/2023 00:56:00,47.00,1902.00,1114.00,307.00,172.00,119.00,164.00,104.00,17.00,APPROVED
TX: LAREDO,10/15/2023 01:56:00,46.00,1886.00,1113.00,311.00,173.00,121.00,162.00,104.00,16.00,APPROVED
TX: LAREDO,10/15/2023 02:56:00,47.00,1906.00,1131.00,308.00,173.00,120.00,164.00,102.00,18.00,APPROVED
TX: LAREDO,10/15/2023 03:57:00,44.00,1905.00,1135.00,316.00,177.00,120.00,165.00,106.00,18.00,APPROVED
TX: LAREDO,10/15/2023 04:57:00,45.00,1886.00,1132.00,313.00,175.00,123.00,162.00,105.00,18.00,APPROVED
TX: LAREDO,10/15/2023 05:57:00,47.00,1933.00,1151.00,317.00,183.00,124.00,164.00,104.00,17.00,APPROVED
TX: LAREDO,10/15/2023 06:57:00,48.00,1972.00,1205.00,324.00,191.00,129.00,173.00,110.00,19.00,APPROVED
TX: LAREDO,10/15/2023 07:57:00,49.00,2008.00,1238.00,335.00,201.00,131.00,175.00,114.00,19.00,APPROVED
TX: LAREDO,10/15/2023 08:58:00,51.00,2037.00,1280.00,349.00,213.00,134.00,179.00,115.00,21.00,APPROVED
TX: LAREDO,10/15/2023 09:58:00,49.00,2068.00,1327.00,359.00,220.00,141.00,187.00,116.00,21.00,APPROVED
TX: LAREDO,10/15/2023 10:58:00,50.00,2024.00,1287.00,354.00,215.00,138.00,184.00,118.00,22.00,APPROVED
TX: LAREDO,10/15/2023 11:58:00,51.00,2120.00,1362.00,361.00,225.00,140.00,191.00,119.00,23.00,APPROVED
TX: LAREDO,10/15/2023 12:59:00,57.00,2409.00,1600.00,419.00,274.00,158.00,217.00,133.00,28.00,APPROVED
TX: LAREDO,10/15/2023 13:59:00,54.00,2316.00,1546.00,408.00,273.00,156.00,215.00,133.00,27.00,APPROVED
TX: LAREDO,10/15/2023 14:59:00,50.00,2048.00,1316.00,357.00,226.00,143.00,190.00,121.00,22.00,APPROVED
TX: LAREDO,10/15/2023 15:59:00,50.00,1982.00,1208.00,334.00,194.00,135.00,170.00,111.00,19.00,APPROVED
TX: LAREDO,10/15/2023 16:59:00,48.00,1970.00,1187.00,332.00,189.00,126.00,171.00,109.00,20.00,APPROVED
TX: LAREDO,10/15/2023 18:00:00,45.00,1948.00,1193.00,326.00,189.00,127.00,171.00,109.00,20.00,APPROVED
TX: LAREDO,10/15/2023 19:00:00,47.00,1928.00,1168.00,320.00,184.00,120.00,167.00,106.00,18.00,APPROVED
TX: LAREDO,10/15/2023 20:00:00,47.00,1935.00,1165.00,324.00,184.00,121.00,171.00,105.00,18.00,APPROVED
TX: LAREDO,10/15/2023 21:00:00,46.00,1928.00,1150.00,317.00,180.00,119.00,170.00,108.00,19.00,APPROVED
TX: LAREDO,10/15/2023 22:01:00,48.00,1904.00,1127.00,316.00,175.00,116.00,166.00,104.00,17.00,APPROVED
TX: LAREDO,10/15/2023 23:01:00,48.00,1897.00,1137.00,315.00,174.00,119.00,168.00,106.00,17.00,APPROVED
TX: LAREDO,10/16/2023 00:01:00,47.00,1900.00,1131.00,314.00,173.00,118.00,166.00,106.00,17.00,APPROVED
TX: LAREDO,10/16/2023 01:01:00,46.00,1884.00,1115.00,304.00,172.00,117.00,161.00,101.00,16.00,APPROVED
TX: LAREDO,10/16/2023 02:01:00,46.00,1904.00,1124.00,309.00,173.00,122.00,163.00,103.00,18.00,APPROVED
TX: LAREDO,10/16/2023 03:02:00,46.00,1907.00,1132.00,307.00,179.00,120.00,163.00,105.00,18.00,APPROVED
TX: LAREDO,10/16/2023 04:02:00,47.00,1929.00,1156.00,314.00,177.00,124.00,164.00,105.00,19.00,APPROVED
TX: LAREDO,10/16/2023 05:02:00,46.00,1944.00,1183.00,323.00,190.00,128.00,168.00,110.00,17.00,APPROVED
TX: LAREDO,10/16/2023 06:02:00,48.00,2021.00,1273.00,342.00,207.00,134.00,176.00,111.00,21.00,APPROVED
TX: LAREDO,10/16/2023 07:03:00,48.00,2101.00,1368.00,364.00,230.00,143.00,189.00,121.00,22.00,APPROVED
TX: LAREDO,10/16/2023 08:03:00,50.00,2086.00,1381.00,370.00,237.00,150.00,191.00,122.00,24.00,APPROVED
TX: LAREDO,10/16/2023 09:03:00,50.00,2112.00,1378.00,373.00,231.00,149.00,190.00,123.00,24.00,APPROVED
TX: LAREDO,10/16/2023 10:03:00,52.00,2129.00,1389.00,370.00,240.00,150.00,191.00,124.00,25.00,APPROVED
TX: LAREDO,10/16/2023 11:03:00,49.00,2129.00,1371.00,369.00,233.00,150.00,186.00,122.00,26.00,APPROVED
TX: LAREDO,10/16/2023 12:04:00,51.00,2129.00,1365.00,371.00,227.00,149.00,186.00,122.00,23.00,APPROVED
TX: LAREDO,10/16/2023 13:04:00,50.00,2152.00,1384.00,373.00,232.00,150.00,185.00,122.00,24.00,APPROVED
TX: LAREDO,10/16/2023 14:04:00,48.00,2099.00,1363.00,368.00,231.00,150.00,181.00,119.00,25.00,APPROVED
TX: LAREDO,10/16/2023 15:04:00,49.00,2033.00,1300.00,355.00,220.00,143.00,179.00,117.00,23.00,APPROVED
TX: LAREDO,10/16/2023 16:04:00,48.00,1972.00,1225.00,337.00,200.00,136.00,173.00,113.00,20.00,APPROVED
TX: LAREDO,10/16/2023 17:05:00,46.00,1902.00,1162.00,323.00,188.00,127.00,175.00,107.00,20.00,APPROVED
TX: LAREDO,10/16/2023 18:05:00,47.00,1889.00,1143.00,317.00,182.00,126.00,166.00,106.00,18.00,APPROVED
TX: LAREDO,10/16/2023 19:05:00,47.00,1871.00,1128.00,312.00,176.00,119.00,167.00,104.00,19.00,APPROVED
TX: LAREDO,10/16/2023 20:05:00,48.00,1845.00,1119.00,308.00,174.00,117.00,167.00,105.00,18.00,APPROVED
TX: LAREDO,10/16/2023 21:06:00,44.00,1858.00,1115.00,309.00,169.00,114.00,168.00,102.00,16.00,APPROVED
TX: LAREDO,10/16/2023 22:06:00,46.00,1851.00,1106.00,304.00,171.00,115.00,167.00,102.00,17.00,APPROVED
TX: LAREDO,10/17/2023 00:06:00,46.00,1855.00,1096.00,305.00,170.00,115.00,162.00,102.00,17.00,APPROVED
TX: LAREDO,10/17/2023 01:06:00,45.00,1865.00,1106.00,300.00,169.00,119.00,162.00,103.00,17.00,APPROVED
TX: LAREDO,10/17/2023 02:07:00,46.00,1870.00,1099.00,309.00,166.00,122.00,164.00,94.00,18.00,APPROVED
TX: LAREDO,10/17/2023 03:07:00,45.00,1907.00,1147.00,315.00,181.00,125.00,164.00,104.00,19.00,APPROVED
TX: LAREDO,10/17/2023 04:07:00,47.00,2043.00,1317.00,355.00,224.00,141.00,185.00,118.00,23.00,APPROVED
TX: LAREDO,10/17/2023 05:07:00,51.00,2114.00,1417.00,376.00,253.00,153.00,201.00,125.00,25.00,APPROVED
TX: LAREDO,10/17/2023 06:08:00,51.00,2178.00,1503.00,401.00,273.00,160.00,205.00,133.00,28.00,APPROVED
TX: LAREDO,10/17/2023 07:08:00,55.00,2342.00,1730.00,455.00,328.00,180.00,239.00,150.00,32.00,APPROVED
TX: LAREDO,10/17/2023 08:08:00,54.00,2417.00,1832.00,476.00,363.00,191.00,264.00,162.00,38.00,APPROVED
TX: LAREDO,10/17/2023 09:08:00,55.00,2414.00,1838.00,486.00,367.00,198.00,261.00,159.00,39.00,APPROVED
TX: LAREDO,10/17/2023 10:08:00,54.00,2417.00,1806.00,477.00,355.00,192.00,255.00,157.00,37.00,APPROVED
TX: LAREDO,10/17/2023 11:09:00,57.00,2520.00,1932.00,499.00,389.00,202.00,266.00,165.00,40.00,APPROVED
TX: LAREDO,10/17/2023 12:09:00,55.00,2444.00,1821.00,483.00,360.00,191.00,252.00,160.00,37.00,APPROVED
TX: LAREDO,10/17/2023 13:09:00,53.00,2377.00,1699.00,454.00,325.00,185.00,232.00,147.00,34.00,APPROVED
TX: LAREDO,10/17/2023 14:09:00,53.00,2239.00,1564.00,422.00,288.00,171.00,214.00,139.00,29.00,APPROVED
TX: LAREDO,10/17/2023 15:10:00,48.00,2101.00,1406.00,386.00,247.00,152.00,198.00,124.00,26.00,APPROVED
TX: LAREDO,10/17/2023 16:10:00,50.00,1994.00,1261.00,349.00,211.00,137.00,180.00,115.00,22.00,APPROVED
TX: LAREDO,10/17/2023 17:10:00,47.00,1927.00,1193.00,326.00,193.00,123.00,173.00,109.00,21.00,APPROVED
TX: LAREDO,10/17/2023 18:10:00,47.00,1926.00,1177.00,326.00,185.00,121.00,171.00,108.00,19.00,APPROVED
TX: LAREDO,10/17/2023 19:10:00,49.00,1921.00,1169.00,325.00,182.00,118.00,171.00,109.00,20.00,APPROVED
TX: LAREDO,10/17/2023 20:11:00,49.00,1900.00,1142.00,316.00,179.00,118.00,169.00,106.00,19.00,APPROVED
TX: LAREDO,10/17/2023 21:11:00,46.00,1883.00,1135.00,316.00,176.00,118.00,168.00,107.00,20.00,APPROVED
TX: LAREDO,10/17/2023 22:11:00,46.00,1870.00,1129.00,313.00,174.00,116.00,168.00,105.00,18.00,APPROVED
TX: LAREDO,10/17/2023 23:11:00,47.00,1877.00,1125.00,310.00,171.00,114.00,165.00,104.00,19.00,APPROVED
TX: LAREDO,10/18/2023 00:12:00,44.00,1868.00,1112.00,313.00,169.00,114.00,163.00,103.00,18.00,APPROVED
TX: LAREDO,10/18/2023 01:12:00,48.00,1875.00,1130.00,310.00,173.00,116.00,165.00,106.00,18.00,APPROVED
TX: LAREDO,10/18/2023 02:12:00,49.00,1895.00,1146.00,317.00,176.00,120.00,169.00,104.00,20.00,APPROVED
TX: LAREDO,10/18/2023 03:12:00,47.00,1962.00,1211.00,327.00,190.00,127.00,170.00,108.00,20.00,APPROVED
TX: LAREDO,10/18/2023 04:12:00,49.00,2024.00,1280.00,345.00,210.00,136.00,178.00,117.00,21.00,APPROVED
TX: LAREDO,10/18/2023 05:13:00,49.00,1980.00,1242.00,341.00,203.00,136.00,171.00,114.00,22.00,APPROVED
TX: LAREDO,10/18/2023 06:13:00,46.00,1921.00,1180.00,327.00,187.00,132.00,161.00,107.00,19.00,APPROVED
TX: LAREDO,10/18/2023 07:13:00,46.00,1906.00,1153.00,317.00,179.00,129.00,156.00,108.00,20.00,APPROVED
TX: LAREDO,10/18/2023 08:13:00,44.00,1921.00,1152.00,315.00,183.00,130.00,158.00,107.00,20.00,APPROVED
TX: LAREDO,10/18/2023 09:14:00,46.00,1925.00,1161.00,317.00,180.00,132.00,158.00,106.00,20.00,APPROVED
TX: LAREDO,10/18/2023 10:14:00,50.00,1934.00,1180.00,321.00,185.00,133.00,159.00,108.00,20.00,APPROVED
TX: LAREDO,10/18/2023 11:14:00,48.00,1943.00,1181.00,323.00,188.00,136.00,163.00,108.00,20.00,APPROVED
TX: LAREDO,10/18/2023 12:14:00,47.00,1948.00,1195.00,328.00,191.00,137.00,162.00,107.00,20.00,APPROVED
TX: LAREDO,10/18/2023 13:14:00,46.00,1957.00,1212.00,334.00,197.00,138.00,164.00,111.00,21.00,APPROVED
TX: LAREDO,10/18/2023 14:15:00,49.00,1956.00,1225.00,331.00,202.00,135.00,168.00,112.00,21.00,APPROVED
TX: LAREDO,10/18/2023 15:15:00,47.00,1905.00,1183.00,326.00,192.00,131.00,165.00,108.00,21.00,APPROVED
TX: LAREDO,10/18/2023 16:15:00,47.00,1878.00,1135.00,317.00,180.00,121.00,165.00,107.00,19.00,APPROVED
TX: LAREDO,10/18/2023 17:15:00,46.00,1865.00,1109.00,310.00,169.00,118.00,163.00,105.00,19.00,APPROVED
TX: LAREDO,10/18/2023 18:16:00,45.00,1859.00,1099.00,307.00,171.00,115.00,164.00,102.00,17.00,APPROVED
TX: LAREDO,10/18/2023 19:16:00,47.00,1860.00,1099.00,309.00,172.00,116.00,165.00,102.00,18.00,APPROVED
TX: LAREDO,10/18/2023 20:16:00,48.00,1850.00,1107.00,309.00,169.00,113.00,167.00,102.00,19.00,APPROVED
TX: LAREDO,10/18/2023 21:16:00,45.00,1852.00,1093.00,309.00,165.00,113.00,166.00,104.00,17.00,APPROVED
TX: LAREDO,10/18/2023 22:16:00,45.00,1846.00,1092.00,303.00,166.00,110.00,167.00,104.00,19.00,APPROVED
TX: LAREDO,10/18/2023 23:17:00,45.00,1861.00,1117.00,308.00,170.00,116.00,167.00,103.00,19.00,APPROVED
TX: LAREDO,10/19/2023 00:17:00,47.00,1885.00,1110.00,308.00,172.00,116.00,166.00,105.00,19.00,APPROVED
TX: LAREDO,10/19/2023 01:17:00,48.00,1882.00,1117.00,310.00,178.00,116.00,167.00,102.00,17.00,APPROVED
TX: LAREDO,10/19/2023 02:17:00,48.00,1912.00,1166.00,324.00,183.00,121.00,169.00,106.00,17.00,APPROVED
